scenario_id,Track A,Track B
40573780-92ac-4436-97c7-efca33b2a839,,
7d6659e3-7d14-45d2-b6e9-954317edb3ce,,
78960ba6-b2d6-4961-a683-78f177ca34bc,,
196f910b-ce56-43e2-a2ba-8e61a2b5034b,,
cde21831-ca8c-4b0a-8c7f-3b76c2391b78,,
a1ffe49d-dc72-411b-bba4-0fb04e6146d8,,
d56ae664-59ed-453f-8703-36c8e3e44227,,
c93d2fa8-52b3-4623-aab9-d5fada486543,,
f37da282-72a1-45a1-9087-7fc6fcf66be0,,
b0faea11-1ddb-44fe-b0fd-a3564a7dbae1,,
73546f0f-b54a-4db8-8281-086606ba456d,,
0ceb1fc4-9d83-4467-b72e-d9ea692a358e,,
f00df504-5e00-49c3-b040-29c62021793d,,
61b818e5-0414-471d-a5c5-94f0c1e2e242,,
87ffc8bc-6c7a-45d6-9f79-aadc62bb154a,,
e7ad23cf-e77c-4617-92a0-22c4f6b3eeea,,
d82d2ab4-beb2-4fb9-8610-b627cc951549,,
955b8cf8-257c-4790-9e74-a6546f2a6fc3,,
1f872048-7692-4443-bbda-324975dbef07,,
f86420da-3884-4a89-985e-13b870108ac8,,
473369c4-d7f8-464c-9f53-6ac6c636c78f,,
0fdd3fef-f4b7-4043-b7c3-487770a5310c,,
3861f9e6-55c0-4c20-8700-a44c3c0c57cc,,
1ff7c477-6dea-4ce0-88b7-2c2ba3f34129,,
ad7ec8da-deaf-4cca-8cea-9e5fc290a17d,,
8019a802-ec66-4fef-b2d2-e30f75849e7e,,
c43e5abc-8118-4f75-90d0-5b1d5420fc7d,,
bdb9f531-553c-46e4-93e8-2b9549b56eba,,
77930e8b-e435-4e40-b633-cb7731e4a03b,,
e73fcb38-c1be-4153-99ce-a04c3bf8fb4a,,
510e1132-6951-4772-8ef5-4eedec6a2ac8,,
53d0aaea-93f5-405c-bdcb-0f4057af53b6,,
f428f517-0bcd-4d13-b31a-929eb3584363,,
2f2b8ae4-0724-4cdf-8dc9-00fe693f7a72,,
95cda870-3964-4e6b-b661-46ff57c94aba,,
a5c16b90-0e9a-4d4c-849a-5139913c350a,,
a5aa02e2-3000-4e1b-b1e1-56b629e9c2d4,,
2d688d4d-e9fe-4aab-a3c7-aec1b4b5a947,,
73ed8db9-a06f-47b9-a758-5f456c9ec9b7,,
bdbc4cc1-a4aa-4971-a3b0-a039a41ec066,,
2d5a3045-8ef8-4e01-ac3b-91365b904718,,
9fc4ad17-21b3-4474-adb7-a939a04bc843,,
62b0b362-fad9-4d4e-9daa-9bff2ff5a924,,
0b835223-c0e7-438d-b4e5-8647c54be1bb,,
26ffc4d1-36d2-4e55-84e7-9453afc83d11,,
d6aafd83-f46a-482a-9cf2-966cbf484409,,
69a578a6-b1a8-4402-8b82-8112534988c7,,
d51b968b-24ad-4a84-8014-1678ccc3ac58,,
863e801a-af00-411d-95c8-9795bf7859fd,,
0f6dd5f1-149b-49ae-92a8-ab13d08ff5bd,,
3835862a-870d-4402-9b44-384c8fca146b,,
cc8de794-e4fd-4d3c-95cb-158f4672355d,,
039f867d-64a3-4d8b-9f59-9a69bc15f259,,
815f0842-32f3-440f-837d-42abdd09f248,,
1a4ce5ef-f940-480c-92bf-38b4397dfb34,,
d3a65e48-1068-41d3-b205-f7526dc3c164,,
5f3bbe40-689f-413e-b50a-c4f43ab27899,,
b479af8e-8d29-43ca-86ef-601f24c2ad4f,,
9b0f8c28-7a09-4871-9f26-b852a49fd173,,
d4354d60-160c-45ee-a99e-ef7d05e39c19,,
d2e36af8-f277-43dc-a0d7-f49d9a1436d3,,
ccb728ac-9083-4f43-a89d-135d00e1a357,,
2901eb3e-765a-43ad-ad9d-d660ebd1ce37,,
44840230-1070-42f8-b480-83bd5968391d,,
f16193c4-00f8-45be-8df5-edc7a12f6d2b,,
0f6691b9-cfb1-4251-b6e7-a37872eb623a,,
71f8e7bd-15b6-490d-adf4-b4746615987a,,
e72d1cd8-f9ec-495b-81fa-8469bbc665ac,,
0025e3f1-6a6a-4146-8fce-c0cf97816995,,
c1e268da-594a-4e37-8313-1ac798c6f921,,
fa44ffa9-ccd7-4a3a-bfa1-bfbd55ffab81,,
68ba2457-eaa3-4535-9b5c-3656bb8cc66b,,
de896155-b409-4446-8679-e1bb486e4882,,
9c9ddada-5ef5-4f71-90ac-93b1edc7bcab,,
732ac9cf-5ad2-4934-a5f6-f41d6edde04e,,
a23ab670-fd49-4272-b64c-fcbf270dae96,,
26b2f2d2-27dc-4457-a6fc-a505a3dc723d,,
c827524a-bdd2-4003-b2ed-2850289f6be4,,
e063186f-c960-483f-b7e5-47f406910c4b,,
95a3235a-cad3-4765-b379-ce5087f30e5f,,
830f10bd-b05c-47df-824b-8c72e99e372e,,
92771857-14a0-4bfc-9cad-4a88d3e553fb,,
2955c497-5f13-4273-a753-16d3d27febb3,,
18bd7eab-15c9-4c60-99e1-fb83be0428e5,,
f765cbbc-ad37-492b-bfb2-b4844b28e1d7,,
e32e041c-dc9d-4598-b4dc-40f8d55e303d,,
8b0618d4-6149-403d-b617-b430f9cc668a,,
422843a3-02b2-43d6-b681-cdaad918f4ff,,
bfc2dc55-713e-473f-b417-aeadc3a1b6c7,,
13482c57-c7d2-40b3-8020-c45ff3a396f4,,
6109e7b7-b970-4d08-b00e-cf46a9614880,,
a3cc3e89-ef5e-46d3-94c6-7bc89f7dd36c,,
9ce2509c-e2ab-40ab-948f-a57b6f6d4583,,
ff500b22-2cdd-48b8-9029-a19556a0284b,,
d1db7c9d-0831-43cc-8458-2c592f8ddd11,,
575a50bb-24b4-4b7b-9d29-90efb4c2f4f2,,
fb9252f7-5e88-42b1-9a34-fcfe3e340f3e,,
6147bada-cf92-4cdf-a7e4-7655e1300925,,
ddb040fe-708c-472d-8ef6-584b8ec5b7ec,,
982b3e86-a7f4-42d3-97c8-7bfec2fd1025,,
b84d0afd-0856-4974-a9a0-3012a24ffef4,,
9914f65b-06e1-4f0d-91e2-4fa06d5c0d13,,
568f196c-ba3a-4092-b1b0-7ebe332efd70,,
7bb4febb-7c48-4c46-8012-5e2d108d4c9b,,
d42a76f9-4c6e-4504-9b0a-dc5dda3dc8f0,,
4a209def-ff65-4fcc-91d3-3ed840cd97b4,,
32ad6a89-3f8c-4e03-9936-5d1be80459b4,,
da968423-724d-4d1d-a4b7-17541f21d116,,
74536f80-5d30-42dc-91f0-1a73dc6acc0c,,
effdd6ec-7918-4f5e-bb01-390ae8060302,,
2ff9fe61-ffa9-4116-a3af-f76e2a3e2bd2,,
a0d59e59-2024-47fe-99e8-a2e0b2c0a877,,
b62410af-0de9-49f1-ad8e-71ff8ddff0fa,,
0d3d53d7-473e-42cc-9d87-c15700742492,,
54110aae-c06a-4ea4-91ae-650818b0b88c,,
4c81b4cd-2d3a-42c4-a09a-bc110b8d2cc9,,
8125c1bd-1a2d-4a81-9e15-71c93ff7caba,,
4ff7e5c7-e7cf-406f-ad73-a1e3438caccb,,
5261bcc3-99f5-4ce2-b4a0-075b9ae95cf6,,
539e5f7f-22f1-4764-9810-122c5c87bc02,,
eb91eb27-7ab5-4f60-bb38-7d71c58e02a8,,
2d8e1ea0-6688-41cb-89b1-db82985469bf,,
57ff95b0-924b-44f1-b5a8-4603b422af24,,
107ae2cd-7cef-47b1-8b90-cb71cab7cdd0,,
6060dca7-32c8-4cd8-adef-425aa1aec774,,
f3a881f3-2a7c-4065-85b6-fc210962372f,,
f3d7cd99-2ea9-46f9-91f6-79ea7bd303fd,,
b7f28655-5793-47f2-a469-fbad258569d9,,
56fa72b3-31b1-4b27-bba8-7737d5added4,,
4a33c95c-1032-42e4-8745-649752ae74e3,,
6f319176-8f50-4fc7-8c36-bb68ce26062d,,
f4de78d3-5e53-43b8-ba53-00eb0302b3b0,,
fd142bee-be4f-4222-b4c1-7133d9fdf39e,,
254bbd9b-dcaa-4fb1-9174-5a8a9a027e94,,
f142c352-559d-4e73-9114-7f4f42e2fbe3,,
d06a257c-34d3-4641-a17b-6ec6284a1f20,,
42bc56e9-1d6d-40f1-bb72-88105831765c,,
ecb7cb08-4e8e-4c6c-8ff8-3c7a310a987d,,
4506e56b-12b2-4328-87d9-c7ee5a7940ed,,
bd375ddc-b6b2-4e8d-be99-5a97b660abe5,,
f02d340d-18c0-43c9-ae9c-c6132c5fe719,,
cb7b7f86-85d0-4b50-9d30-8619de2a888e,,
1f161b48-f54c-4948-9658-3de6e60a4397,,
02ff3c6f-486b-4c99-9abf-a326c5184c68,,
72bdfa71-19eb-4668-a5b8-7fb6a4273d26,,
ec522d69-f033-42bf-bcb3-b5e010664f4f,,
10189b4b-48e8-4ef4-b34c-199606e1f288,,
10f63584-28ba-4a37-b5ad-084c2418800c,,
7b12c38c-274a-4475-befa-d67d7d813601,,
5137d812-1c90-4200-98c7-b1d4f44bb3d5,,
11e38c8b-be62-4ee5-a536-475a93359ac3,,
37b86ce4-1d0b-4bfc-b3a8-8482ec5bfd2d,,
e83a09dd-795a-4066-9f5c-2de6da46dfea,,
fe1fb529-a95f-4498-a829-d11880213b3f,,
06599034-eb42-47bd-8d3f-55d991146660,,
68481bc5-b257-45da-9279-09575d5ab783,,
da28c256-f98d-4248-b7cc-81cd293f3321,,
4977d843-18af-47e7-87dd-f3a99ad8306c,,
47159200-ab39-41a9-b0de-33cfb8befa83,,
fa586242-b810-4a6b-9135-ad052d961445,,
dfbb36ea-71bd-4cda-82d9-92ff94cfb35e,,
a4176c2c-458b-4c9c-b89b-c0c873747d0b,,
337083f8-8abe-425c-b1bb-9ff292a5517b,,
d0c60cfc-c5be-4e02-bae3-ad890741e414,,
f88ec12a-82ad-4f49-be0a-c278cc038ae6,,
dfb3d30b-32d1-4243-aa46-380143d05a62,,
e7e18fcc-ba79-4760-8143-22fbe52261c8,,
16943de0-d3f1-4339-92bb-e9cc42b37486,,
e3481556-e1e4-49f2-9d9d-a047297cc242,,
1480de40-ae10-471a-abd3-80d42ff53a39,,
4fdbdf68-edc9-4088-9572-62f94a83bafb,,
fbc104bd-e5f6-4202-b6db-bdf9703aa7bd,,
70a5d3e9-aa0c-4a22-8c07-96c814fc7c80,,
6eda2da2-1b12-43f8-bb8c-71fa8c873126,,
5c138c28-2ba0-4f6b-b148-37a95a34544e,,
cbb79510-5415-476c-af3a-afaf5411f0cd,,
d9eaeff3-b856-4461-ae2c-61208cfd90e6,,
627c5218-fdaa-4abb-8303-9781db342b4b,,
2effd9b1-85d9-4ca3-9f9b-a28c23872a95,,
b34c0dd8-6200-4fbb-8cb8-0c0c199cedf4,,
10231381-fab0-45a2-837d-e3c202a6a849,,
411d8bbd-90dd-41d0-a31a-d2e98ee70bf5,,
371ea7fb-d6f9-45e8-b502-81c4804af9ba,,
acb8a1db-6d3f-4949-b26f-bdab3ec0008b,,
e09c9577-79f4-422a-b848-9480d6a037c0,,
78d5e1bc-1052-4aa5-b001-16a91539073e,,
c7af696b-7e5c-421c-964f-63adb0ed71c4,,
a4e55fd2-d4c5-40ab-adb8-45ab5a3524f5,,
3f2dfc96-37d6-402c-8669-6b83c60e5b78,,
fc923942-b23c-42a9-aa9a-bb299da874e1,,
9bb271e8-0094-4eef-954e-d0d2f39a2d20,,
1c3503e7-2ef7-4443-a4db-91e50904be27,,
40400e43-4205-47bb-86cb-4e7e9653a9fe,,
3b750b62-6ec6-400e-83fc-caaa948f565d,,
13412d8f-8d77-435a-9b51-3bc4b43c72ab,,
17e76ca9-c89a-4c39-ae9e-6585ca4a8a09,,
0789fc22-c946-44c0-b181-46304da5734a,,
716bbc17-8113-4723-86f8-46558f12e494,,
ebc631a0-dc02-4510-9793-964a40d2e6cc,,
ccaae63a-d663-4733-a9f2-6a4e1715544b,,
9a03817f-631b-44f7-9ff5-f942e8cb1d03,,
fcae973b-841f-4971-a4f7-ca2f097a2f2a,,
8e086574-ca1c-4e9b-8b14-88b6e7c01b0b,,
8131b2ec-80c1-4014-b69d-baf2b0fab1e6,,
b4e207bc-aff2-424d-a3e7-a2cab9f5d2a4,,
54cacfcb-e3f4-44cd-8ecb-c691c104efa8,,
fcff6672-f6eb-46d4-83e9-5c6d86e4d90d,,
adda43e7-3f09-44ab-8665-1f1c24be70b6,,
061897f0-c238-4a2d-a528-f6303fa0b3da,,
d69363ae-f536-4137-b0d6-875055b87532,,
8d0f8cce-5aab-44f7-bd9f-3db845c659cc,,
1479fcde-8a83-4316-a8dc-078669bb3be8,,
201bf04f-a03e-4087-86a2-cc0361166b18,,
54e04fe1-ab40-45af-83e7-9c50b9eb8a11,,
ed00ab0f-7b9d-46d6-b19b-9006665dfb89,,
91b72b52-7df1-478b-b879-4e2d720f38fd,,
d319eb75-be5c-4aa9-81f6-9632f2177a8f,,
b63bb459-a261-4901-98a7-945f320dae84,,
907c0a60-88d9-4062-8bf7-f9cf3bb4559a,,
f43ee4bb-ca0a-4771-b20e-cd36cd093281,,
b89af5d0-c370-4f1b-805b-825f9e581bd0,,
4fc1af5e-4f0e-4058-bb04-d014d6ef2569,,
8b40464d-1f1b-402b-adda-330c147a4584,,
137f3a5b-9dbb-45e0-aa9b-5de9d0829df2,,
ca5b30ec-601c-43c1-a917-16dd6acbdb3b,,
ec7ec74f-5b95-4bb9-af93-81513b45d086,,
bd4f4095-047d-428b-b23c-18bc4a0ffaf3,,
46b455b4-f618-4336-9c53-a73628bbfd74,,
f086f163-47aa-4b28-a846-f1e08ed39a2f,,
da205a6c-0beb-4ed8-b2e8-e7bdb94f88db,,
03533111-860a-4385-9d90-fc780a7554e6,,
de764156-6ed3-40f7-b03c-517bf7c265ed,,
8663a98f-734e-46a9-a5bd-23bec79731f4,,
dc59458f-a437-46af-b9c0-d6b6343cf08b,,
19cb5e13-425a-4c57-9f24-65b11f8fba2d,,
0d7724bf-0d3b-433f-ba35-d752fbaaaecb,,
f5b57ad9-1f8d-437c-8b88-0af7919d32ca,,
fb2240dd-a528-4655-af24-87b1540d6137,,
0a4c9faa-852f-4cd4-91c3-1a36bc669958,,
65776245-eb1a-495a-ae5f-751df875693b,,
4c357822-ce87-430e-ab92-0e183418b51b,,
21ab19cb-716c-4788-a12c-1c30fc76baed,,
9ccd2a41-433f-4293-b19b-40661e6c298c,,
47be08c3-4d97-4537-8a60-a32709132fed,,
e0211ca0-5aa5-4df9-b2e8-21c20b9efeaa,,
9b648fab-9609-49bc-bd5b-acf3e1cb9950,,
c4fb29f5-147e-40c6-92b3-ae66de737fd3,,
7eeb8c3d-c714-4f93-9023-dca0a541dc4c,,
054a2600-cf4c-46b4-a65b-527106768a53,,
e6508c0b-072d-40b3-8ccb-9be4395728f1,,
465bfdfc-4a51-4caa-83ed-56ba8946285f,,
93bda159-dc28-4962-9216-02550846296c,,
9d3b9652-2f61-41d0-ac0e-dfea6e93f869,,
e6fe1c90-c4b1-497e-8b31-22ab5f2c70cb,,
20bee2a8-0b4f-40a8-9406-46d9ea820a8f,,
2895f71c-6fdf-406b-9728-2a657bd876b6,,
882de75c-93cf-449a-bd9d-5cbed4feb003,,
1f4ab0ce-238e-42b4-9304-3b81c4a4b90f,,
f709842e-41ee-4bdc-b472-392cc93a7b99,,
cc034c77-9a39-4ed3-9480-092da516d05c,,
1b12606a-5666-4048-8b42-496f02768358,,
928bf2f8-fc7a-4b90-bc7a-a9cd764a9689,,
37d64fd5-8680-46f7-abfa-8eb609396c65,,
b03d5adf-157f-4406-9bdc-7844fe3bc97d,,
c9bd4492-6cd2-4c7b-b647-66df911227b0,,
72d41141-5395-417b-ae27-744051a16651,,
ce7e2a00-38b3-4eb2-9981-792e13619013,,
ea065817-755c-4bc7-baff-3aaaddb90438,,
ac809e50-4372-497b-9e50-f2658003fb46,,
93462635-d2ef-4671-a998-0e7c8512fd33,,
21eff364-b638-4b05-af3f-f1f8d60f11af,,
66184811-93d9-451f-b19c-bcde40abf82f,,
dd49ec92-0fa5-4914-a9e7-c128cf1fd995,,
9ba4d788-fbff-4d2e-bad0-bf9648282743,,
4e1d8bbe-12c9-4fe2-b915-4c30b2062234,,
ed04b018-b791-4291-903c-2446607254cc,,
b31eaf09-9077-41c5-957c-40ca9b644ff3,,
1d7d2d20-523c-4954-9c47-02cff9bb669b,,
47328999-91e4-4058-87ff-1ec3bad26d07,,
a55116fc-7a38-419c-836c-cafa63fa8bf0,,
16e2e629-c315-424a-837c-375eab4be2ad,,
3de3a430-2e56-4ebf-a849-674ecae67d4b,,
e470b801-ca77-4c4e-b8fd-96679001c6c8,,
689ff6bc-b877-47c5-92c0-f66e168a9129,,
6c28f77b-0f85-4b60-86f5-fffbab1a7a87,,
952a1d11-1f7e-4d8d-88f7-354f207b64a1,,
0b31f518-55de-4c1a-a09c-7c8add152c4b,,
fb6dccc5-830e-4e77-84d5-0ccd7c968849,,
6abe1809-f86d-41f6-866a-a72363840c4e,,
03cc2b88-c85f-4dd5-8bc2-d2876729f154,,
fcb1f8e0-e4c0-4d53-8ff8-afaa0a4de703,,
4e349417-9493-4f15-bc29-150d331965e3,,
98fffcd5-0042-4ea6-ba67-4bfa273761ac,,
b713f79c-207a-4d08-9a31-656208912137,,
fa518bad-ba88-45c1-8f0d-e5b0d1c65092,,
22474697-46ac-420b-9f50-1581855cf5a5,,
a3deb684-eb16-41e5-9436-044c91fe4ebe,,
10b170f5-f249-4399-8dc9-c09af29ad832,,
22de1f6d-6299-4082-9a9f-0707d18b7f70,,
9791ca2e-f780-4a2e-a6cc-3341cd3b30d3,,
dca250b6-783f-4774-bd73-06af30cc776d,,
0b5ba024-af2f-4d50-9c87-83803cd4c61d,,
3208b2af-6615-4fc2-a279-9b4258fabf91,,
db2d0837-6082-4fb2-8415-89d0fd651f87,,
7ebd596e-af40-437a-960f-967a4524762f,,
c0735092-64aa-4fc4-a105-35c7b462b74b,,
d2a453a0-33af-47ee-bf03-cb931e5c62be,,
3eccaf22-9c49-4e87-8ac7-19bb514b1b04,,
7382cff2-0098-4b4f-b564-6398bf1b8347,,
12428b15-f528-4db7-a1b3-0b430934b2fd,,
903eef36-dc15-4c7b-8a82-80ec75dacad1,,
44f266a0-8295-4d30-9854-ba1cc449901d,,
69b07994-9618-4d73-8e19-9f7a6f517994,,
cc3421e4-1646-41cb-b31d-01129c51751a,,
348c374f-7328-4182-865c-f4c800cd1efc,,
76229c10-d306-4209-91d8-e78dfecccf15,,
b4b57660-d3d8-4059-90dd-07d26947d1bd,,
6528193e-027d-4f01-8572-cadd82c020c3,,
3233507d-ce90-4d6b-a16e-475f9d6d202a,,
095d6e1a-15b5-4602-b3c4-af2106ca271d,,
7e376f7f-0003-4e59-92b3-8c872449c100,,
ba05f47d-e2a7-4f60-b05a-a521d84bbeef,,
8ed4a11a-8047-48e2-bd46-f5efd5bc89c5,,
b6412181-4681-41c1-a018-b8492344c200,,
a846eb4d-c49a-4d91-bbbf-0062d5dcc87e,,
7d42fef9-be87-4d24-98a9-e976e985b552,,
fa48c252-2974-4dec-91de-90e58e1b48c9,,
4f892a3e-2699-4b3d-a45c-4cce05d78add,,
b41d769d-3aa7-4f68-ad25-a380108d8e36,,
e3440c65-1fc0-42cc-9ecd-53fb4099e92f,,
f65b0156-604d-4c47-988c-39549cc03c88,,
e1a21a77-d3d9-49ef-9d63-3aecdbc54312,,
402a40a1-32cf-4ae3-97db-4d49dadc2560,,
72bdc1cf-977d-4414-a2a3-a815529fc14e,,
49eeac37-d3d2-4bf7-8d5a-64d6a2511ed0,,
723fc7ff-b24d-4b34-a108-631d9e07de81,,
bc2e61ee-93fb-451f-8656-9c6590f4b002,,
d00d1d18-e09d-4d7f-8df0-12fe0b15e6bc,,
5622037e-9be6-4408-958b-6ac8d158af1b,,
8055076b-22b7-46ec-8d54-61b531382b09,,
4b238038-e5eb-4f5e-8482-f9ce61ae3e9a,,
f2cb0cff-fafa-494e-9d5e-364a685b742a,,
a67fe176-2e47-4078-beda-48f373beb115,,
e8148dea-bdff-4a39-9a41-b3cae6ea792a,,
a6d0061e-0283-4754-9e2f-fd19640db87e,,
c5ff8577-0f24-4dd7-88d2-c11df01e4d83,,
534fe552-5e61-4e56-9559-11f2c713c491,,
0723bd3a-60d4-4f7c-a441-e9c14cd6c6ca,,
0afa57e3-05e1-41b2-8f2a-c473409d0e56,,
da59ee4b-28ec-43f8-93e2-0ae84128dc88,,
ea0e514d-a126-4982-b399-df5f1883de67,,
2b853245-b38a-4180-9dea-587232b74baf,,
3e7e649d-4004-4cc8-82c9-799f896cb9ce,,
76aba6e6-a6eb-4454-8e81-6a8d2c5c5896,,
ae56dae8-a9fb-4e73-ae6a-cb6eadc3639b,,
ed3aa954-aedd-444b-85d7-1c537756a2e0,,
4285e888-22c3-4caa-a245-81d76d891757,,
b71c86a7-c89b-4bc1-b58a-f437de5c68d6,,
999685d2-dd51-4856-8dd7-e15fdf02513f,,
c9a30826-52d5-4898-9486-731b30a07f74,,
965fb97a-ab86-43e3-a460-f3bfb49f6624,,
60576c9f-50d9-4b6d-856b-63fbbedb9240,,
37020348-6b81-4098-9e53-8ece23158960,,
32d92c4a-2071-4dc2-90fc-30b842ba00b8,,
579fe840-2772-4ed5-84b6-97ba4b483592,,
66f1eb29-ea69-47d9-bd56-3d1540bd7426,,
8a98c175-ce8a-4fdd-81ad-ccb7e9f25828,,
b019d631-6f59-49cf-a489-85a561281d51,,
740490db-c0ab-4733-adbc-93832cc9c64c,,
d65f5bd9-e955-465b-be4d-b07c76690b95,,
12dd7c1a-bc19-4956-808a-22178f1b5ec9,,
ca969cc9-78df-47ae-aefc-2972691e9ff4,,
1784b64c-3a27-4056-9aec-aaac8cdd284e,,
8e500b94-74bd-4b8a-8dce-1fdae889734c,,
808b3059-5c99-4bc6-88e1-fed97004b94e,,
1793a0eb-50fa-407f-9af7-b2b4dd992527,,
37e2a29e-9a86-4c38-b28f-19756ec9b68a,,
f3a57239-c799-45ff-8c33-c1b3b9005d77,,
aa7c719f-2ecf-4b31-9b9a-4c024de0d769,,
d071a876-59ee-46c1-b28e-93649a757b43,,
62191282-c80f-4541-89ad-7e41410e16f6,,
238710b4-0d22-4792-bbe8-4d093320f2ef,,
38e124f5-d736-4f0a-b1d9-53db02f3840f,,
8b106f70-6cc8-4641-910d-061d80a63d2b,,
80844485-d0c3-4b51-b91f-f6c52fd946aa,,
fbc7fa7e-6437-4fe5-bd7c-aafa090091ff,,
2fe0c43d-2183-4a2b-9a33-4e09d10cea30,,
be386ef4-9495-4f89-b311-d1a0113d85ab,,
cb8431e8-d36f-4b45-8370-0e0cd46c8ff7,,
e1595b92-c3a9-43c4-9f80-2b2bc2662228,,
dead280b-a7bf-4dec-b7fd-4008ccadf47d,,
fb93f000-08f3-4c8c-b831-f4ba76e1be4e,,
9e62763e-ffa5-4ecf-82f5-8f693064b32f,,
35463299-505f-4fd8-b0f1-d6f8aee6aa53,,
3662d26a-0f36-4546-8983-3f6cd36fa6ba,,
8f8e3ba8-c35a-41ec-8870-9e0602450a5d,,
d0e7a28f-2474-4d35-8487-f0fb0fe21429,,
9b7e9a95-029a-455c-9ec2-7a4ebd425cb9,,
0e4eb0cd-19c2-4f4d-b045-7e25a7a4ba12,,
7004ee6b-54e5-4497-a5fc-8d4239b2c0c4,,
ff8052bf-9055-4b62-9956-852459abf73a,,
1c30a245-d4e1-4f4f-9e1e-e6c94edaf8e6,,
2634e99c-8307-4ab4-91cb-9bd813d574ec,,
dadca28e-7563-436f-8ef9-c58e97812225,,
be526c5a-43a3-4015-b9f0-2273b54b2ceb,,
32245d27-e1ca-470d-ae47-cd8351c240df,,
d4a15e5b-b7de-4e60-ad74-1974d88758cd,,
06e423f6-d8f7-4260-91db-2d53e7d56cd2,,
a9b82051-f954-405d-962f-7f95f67a7104,,
fac240be-92ef-48da-8aea-fdb37026d05a,,
61761283-e398-4929-afad-111dc459daec,,
2c9e99d0-bc53-4a96-a942-a8f84c768029,,
ed2c5525-94c7-4e25-bcd8-d447fd77358d,,
cfcbe96d-8979-41f3-8946-419d7812cb81,,
f5cd3113-1318-4067-a6fe-e9dfe3e8211a,,
1500e616-4f0d-48cb-a67b-cf225a2bfd85,,
5d2e110b-02da-4cc3-8dd4-cc994b024a1d,,
dcd24c23-61e4-4f13-bf73-280e2ccc7869,,
c7855316-97b9-48ed-8919-c5853aca58d3,,
bb1b6139-66c0-4c7c-a72d-7000ccb89c53,,
6be53ad8-59e2-4130-926a-2a21a4ba0555,,
132c624a-c39d-4adf-bd70-653b8a7acdd8,,
6a6bafaf-d4f2-4441-82b0-16027a93d32c,,
e343af89-f7da-417c-930d-48a953d69a7f,,
8537f835-5853-41f7-8498-bf789bf86166,,
7e1d1dbb-c023-42f1-8c9a-645208b09e5a,,
7134273d-baaf-4982-b967-63177b4ea941,,
0c6ffc3f-4555-4523-b1ad-2b4707d32ba0,,
ab4909b6-09cc-4ce9-937b-062dfb01c87b,,
c2c80a6c-d00d-4227-b741-14fb30170130,,
45ced617-4e52-4d9c-ab7b-c1df7287b386,,
4cedcf0b-1367-4534-8dd7-1f862fc91854,,
216ec377-a3ad-4415-888c-d62596f97a6d,,
27a816db-ff5c-4744-8f18-84a42e27d540,,
b4e916dd-ffce-435e-ba64-301706376b84,,
1489d20f-dfe2-4b77-a1ba-9bc7bf33aaea,,
bd2d94e8-bb28-44bc-8697-6594222b7bfb,,
ec7a63d4-a986-4436-af45-2ae8f799cedf,,
391c4d6f-1540-4185-a586-b1db6bd2ee18,,
2274a8f4-9377-4b31-a45a-2a34e1039892,,
1098a156-0cef-47a7-8747-0ea9cf109da3,,
cd7796ff-4b7b-411c-970c-eb88da5e0b6f,,
dffb3949-dab7-4e1f-a157-bd1ad1167c1e,,
66c32957-18d2-4a2c-8bf1-bf679ebaa6ab,,
814a0b57-3698-47e3-a2c7-b6b5e83528ce,,
dbc3594e-e84a-461a-90ef-61f69a4ce24a,,
b0751b16-f138-4c7a-91b3-d3d06307bfbb,,
5d29f98f-eedc-49c2-b70d-932e47faa859,,
f2d2f27a-1f66-4e28-a731-2e0948b763cb,,
c61b4061-4cf1-477e-abdc-a61f7b7a5e21,,
6f67d5d5-dbec-4bb4-a258-25b962db256f,,
57cab30d-d6f9-4d0d-9c0c-0a167f9c439e,,
041efc72-b61d-4c14-b8af-6a75a2ec272d,,
fcdd1592-c959-44ba-a6e5-5f3b2a2c1236,,
bc5ad307-4ea5-4f19-a3c8-f3fda5dbf8ed,,
3eb5d4cc-91eb-4d97-a695-35e5215afcfc,,
b12d176f-8116-4c29-a900-ec41abfb6b60,,
b7a92d2e-7395-4b72-a339-1722862f80c3,,
880c3862-f339-4a1e-bdc1-c3ba4b5b5ef3,,
b039f8fb-133f-4655-a231-81cceb8aadf3,,
41d93845-0cda-45ed-a126-51f211ba7f03,,
3ccc4eba-6648-4901-b1c3-e3ba6dae218d,,
9cdd5c86-a7fa-4e60-b78c-e461f2243efe,,
691c6e56-a3a7-4402-8ea8-b23ac07196ec,,
b0719a09-7ef9-427a-b23a-8336baa61d37,,
aade4889-818b-4936-916e-258989f578bf,,
a1b67ebd-5814-4750-8c6c-c121e45ea233,,
484a4598-4f13-4c08-b48c-0722092438f8,,
af7536e6-135b-43b0-a01f-6e94d96e1518,,
00371d60-46be-4ebd-929a-23820de41b88,,
26cbc971-e111-4da6-abca-e7eea8a31f66,,
ddc54a58-8604-40f1-8e79-d2b976dd4a85,,
ee425c14-ac51-4605-9cbe-38083e1db691,,
9d6dd36d-e04e-41d7-ba90-e389c6e5b065,,
732eafb6-9a40-4e36-a9b5-d78595e6e9c9,,
9d0594c2-592b-468c-98c4-93a6226e1592,,
03b3b409-ba30-4c48-b5b7-93d8589438df,,
e06b2ff2-12ae-4fa1-b5d4-b424e9c3c2c9,,
170183db-70a1-4142-8cce-242dc241cebc,,
ee57455a-b786-4967-aaf4-77945e3e0d3b,,
81244451-d19a-46ed-9a61-d46b2fb20d93,,
71962fcb-a011-4ff0-8a5e-7216dafb7b5f,,
12aadc27-7b18-4b83-bb8a-5b8c40fdde7c,,
9c51a80e-20bd-4df3-9e04-e7b9b3b2fd82,,
bc03ab5f-aeae-4dfe-b107-2ef5f42f1fec,,
71132e49-2052-462b-9bd0-48f1c2cc95f2,,
56591d6e-23c9-4934-b202-83fbdc80488a,,
a2107abb-46c7-4e67-a011-07aaf2339ba0,,
f37d0166-c908-4e30-a5ad-288188c44a9d,,
4528d0fe-09e5-48a9-a931-06e11011f2d9,,
746f92a7-108a-4af3-a37b-03de32e94381,,
423344f6-871d-4b99-ac51-404461aaec32,,
c43eb381-df63-4202-b5bb-9e097ae03fe2,,
6dee5bb0-ec69-4194-abad-359a9c514d65,,
0e618e4b-2c31-4e3d-ae24-8a75f6241d24,,
f53a1781-d243-47a2-b287-e92b77a0f6a3,,
82be4904-97c7-4857-9215-bd889fab9d87,,
e22a3b5a-3646-4846-9d5b-1fb84ea75f76,,
faab3b03-cfab-4216-849f-0a66c0f72fa0,,
6eba32be-259a-42e0-a8ba-12a043b71763,,
f9a85af9-427f-5128-aa9b-fcb591d56ef7,,
512df232-e8ea-5a86-ad7a-12ca46f252f8,,
d31a854b-9842-59e0-8f68-fd59ddc594ec,,
57f363c0-2970-51c2-b22c-84518ad5a919,,
9dfab450-4ded-539e-b9bc-7108bcc938a0,,
8478e597-a68f-5207-93de-28b0867d612d,,
80cb1b55-417b-560d-a533-635147896ddf,,
b678f7ab-9b6a-5ccb-989b-1c2e70fc8bcb,,
76b52c9b-4e97-5215-b02e-9d71b2ab94a9,,
51099426-abbd-573a-b680-3582ce73804f,,
3afb731e-5852-5271-a102-300e4d225dce,,
c7720f5b-d788-56ca-a023-69ca7bf622ca,,
0af58aee-783b-5a1f-91c2-2bcc96918741,,
7ac425aa-1aab-54fa-a313-fbc1641d5aa4,,
813e1980-9141-5806-a0b0-fdccd3401f5f,,
537563b2-50a5-5f3d-bbab-2818afd06604,,
33c0d762-d086-5748-9516-3941d79f0d89,,
0e6a9e7b-36cf-5591-aa18-8cae434ffd3d,,
87b027e9-9f64-5b1e-8698-c07e81aaa114,,
bbb24ecb-676a-51b4-aac7-81d20d97369b,,
8fbcd1e9-ca1b-53ab-8b0d-e0271f27e2d5,,
7adaa26d-22c2-5895-a43d-f3fdc2e4638b,,
2464f2c9-a418-5994-a052-f013b5b0c276,,
d62e1744-63de-5237-a6d5-e7965aea0060,,
0579f5b4-0774-5b01-b6bc-b39c3c47ff2d,,
ef2f2909-5360-5061-9010-f94af7f6a33c,,
de7f3dd4-e3db-56cc-9eab-36bcb7903531,,
cb5d99ca-0b75-5c13-bcb3-2e9f2f34ab52,,
f8d2db89-0ba3-58ea-a1d3-1f49652efe25,,
b2a2ab2f-f495-5d55-963c-20dae5bb2943,,
4d8bb7f0-7688-550b-8613-ccbaecbee0ea,,
651c5df4-4593-5464-b208-07230fc71dc6,,
4706f274-841c-513c-b97f-66e12f52029f,,
c44f0bc9-9dd4-5afe-a544-840a7f726210,,
919ff95b-f9e3-56ef-ba10-00c71fcfac24,,
4a53daf6-18cd-52ac-a021-87c6220480e1,,
139a3f36-301e-5d09-a872-041fd486cd6b,,
bde6f277-c273-5e34-9ca9-54577b9e57be,,
a7710716-f06f-53a8-84ee-d3ee5089beeb,,
2ce55ad6-888b-5bcf-acc8-bf2935a365d0,,
7aaaab59-1109-5c4c-b434-156b6a04cfc5,,
ed1f9a24-79ee-5db3-9f80-e9dfa001a7e3,,
74651eb8-ce07-54fd-bfdc-95a5b86bcb90,,
59fe8b68-7a57-565a-81b4-54ee84633eea,,
9c9c581f-67bc-57d0-a6a0-051dd6f443be,,
05232b12-2914-5e88-a876-489a9096028c,,
d22fc5f0-4c9c-5eb3-8aa3-ac921e3cd8ea,,
bebff54e-d34f-5672-8736-607616f70758,,
ca7d0e00-cb52-5961-a35a-ea04c13c3d27,,
a7a38f48-8984-5598-969b-b14a17ce0d63,,
6a7a4134-0b54-5ad3-a0a5-63960bd42cf0,,
ddb51552-1650-508c-b285-797f4e844337,,
5106abe5-fc19-57ed-aaa3-7f60cf2b62d4,,
daa734ce-59d5-55fb-90fe-23740827175d,,
e575d840-ac86-5349-824f-faa8aaa18a6e,,
4ecd8ef5-9ccd-5ffe-9d56-ca69f4043009,,
b2618a7b-37ea-5cb1-b292-c6a3dfa56940,,
36c97f96-f9ec-58d8-aa2f-db98d64bf9d1,,
043932bf-63d9-5191-8524-51d012e36e42,,
c79e6dd1-6bfa-502c-b45e-dfd4b57b8256,,
4380ee32-7de3-5ff1-a664-a0eef61e468d,,
524ea65b-3132-5cf5-8ae4-6e7bd4b219b0,,
6093ce5e-e6b5-5e61-84c3-3d6685be92c8,,
f91af6ce-5cd5-51f0-aec3-46d43cf20052,,
9a1e60b1-d072-5dab-9da8-10a6a38f5019,,
5e3aa05e-a40a-5c65-ad21-3bf86c3613f9,,
a2fbb0cf-03b4-5dc7-bf82-c01a0b9c9950,,
ab04c747-43ef-5481-b332-c58d0d55dc6b,,
244c00dc-2a72-5134-88d6-a815cec5d5ac,,
72c2c8b5-8b6b-51f4-a0e7-ac9bed2755cd,,
b9d4a9d9-9ac6-5e31-8e8b-220d95a040c1,,
ab675e32-e351-56d0-b78f-e7de89662ce5,,
97c4d1d8-6691-56ea-b999-1e107130ac1c,,
c0041ed2-669e-54f3-b3ef-0b3a2cfc8618,,
61c9540e-03cf-5147-a7ff-ca8e344c0774,,
67163dbf-b2ab-569b-8a8c-062b5c8115f8,,
aacadf7d-fb09-5557-87cd-b3569465f791,,
5fabdda8-9ce1-5ea2-bdbd-908e4ed36a7e,,
8b49168f-a060-5628-88f8-603f948abc8d,,
4aaf984e-af57-5db2-a81c-9983b4e38cbb,,
5cc7139a-0c4d-5845-9b33-9ee2a99d2286,,
7b9e40ec-17fe-535e-9f60-9ea79a533939,,
0eda9d05-5eca-5111-a9b3-0a1cc77d00ff,,
fa2d7ed9-a462-569f-b805-56a64f07ecea,,
917e0c91-9706-5772-aff6-fb271bb9ec78,,
f1daef56-29e7-575f-9128-e7960625034b,,
f0b2dcef-ab2c-551a-93c0-d2f17ed48380,,
3f3f2ef1-fb8e-5b8f-b89d-b0f00c82a217,,
89b5c4fe-c91b-5074-b00a-4d5eb969010e,,
f07d0cb4-6037-5164-b7bd-abc03320a400,,
c203b196-77c4-5d9f-a79a-6e4fc8a88e63,,
8837d7e8-9d83-5af1-ab2a-939558dbc9a7,,
8cfaaf95-54b6-5233-8b4e-ad4280432347,,
61089a21-78f0-5203-af2f-ed0d5d67b18a,,
d65fb736-9f97-5c09-baf5-686120c6623c,,
0797ea73-f7b6-52ca-a607-b09955d30b60,,
4f4de24b-39d6-509a-bfe3-d9dc6a199ff5,,
f553171f-fcd7-57c1-b1eb-611b71f22018,,
77e25cd5-5651-565c-984c-5aecd7f80904,,
6f5287dd-571d-5506-82a8-fd134e92abe9,,